[
  {
    "Agencia": "Cajamarca / Hualgayoc / Bambamarca / Bambamarca",
    "Direccion": "Av. Tupac Amaru 1105, Referencia: Al Costado Del Paradero Al Cumbe"
  },
  {
    "Agencia": "Lima / Lima / La Victoria / Av Mexico Co",
    "Direccion": "Av. Mexico 1125, La Victoria - Lima"
  },
  {
    "Agencia": "Arequipa / Arequipa / Arequipa / Av Parra 379 Co",
    "Direccion": "Av. Parra 379 - Arequipa"
  },
  {
    "Agencia": "Ica / Ica / Ica / Ica San Joaquin",
    "Direccion": "Pasaje Grau N° 101 San Joaquin - Ica  Referencia : A 1 Cdra De Petro Peru"
  },
  {
    "Agencia": "Apurimac / Andahuaylas / Andahuaylas / Andahuaylas",
    "Direccion": "Av. Los Cedros 274, Referencia: A 70 Metros Del Puente Del Hospital De Andahuaylas"
  },
  {
    "Agencia": "Pasco / Pasco / Chaupimarca / Cerro De Pasco",
    "Direccion": "Jr. Huaricapcha S/N A.H. Tupac Amaru Chaupimarca, Referencia: Frente Al Nuevo Terminal"
  },
  {
    "Agencia": "Cajamarca / Cajamarca / Cajamarca / Cajamarca Co",
    "Direccion": "Av. Independencia N° 787 Barrio Santa Elena"
  },
  {
    "Agencia": "San Martin / Moyobamba / Moyobamba / Ovalo Orquideas Co",
    "Direccion": "Jr. 20 De Abril  2138 -  Referencia : Altura De La  Pampa Del  Hambre"
  },
  {
    "Agencia": "Apurimac / Abancay / Abancay / Abancay",
    "Direccion": "Av. Panamericana S/N - Abancay - Apurímac, Ref. A 100 Metros De La Comisaría De Bellavista, Al Costado De Maderera Vega"
  },
  {
    "Agencia": "Lima / Barranca / Barranca / Barranca",
    "Direccion": "Urb. Las Vegas - Mz. C, Lt. 22 - Barranca, Referencia: A Espaldas Del Fe Y Alegría N°35 En La Urbanización Techo Propio"
  },
  {
    "Agencia": "Lima / Huaura / Huacho / Salaverry Huacho Co",
    "Direccion": "Prolongación Salaverry  N° 764  Huacho -  Referencia : Cruce Con La Av La Paz"
  },
  {
    "Agencia": "Moquegua / Ilo / Ilo / Ilo Co Pampa Inalambrica",
    "Direccion": "Urb. Ciudad Del Pescador, Mz. J Lt. 18-19, Referencia: A Dos Cuadras Del Poder Judicial"
  },
  {
    "Agencia": "Ayacucho / Huamanga / Ayacucho / Ayacucho Co",
    "Direccion": "Aa.Hh  Complejo Artesanal T1 Lt1 - Ayacucho  -  Referencia :  A Una Cuadra De La Puerta 2 Del Terminal Terrestre Libertadores De América"
  },
  {
    "Agencia": "Lima / Cañete / San Vicente De Canet / Cañete San Vicente",
    "Direccion": "Aa.Hh. Víctor Andrés Belaunde Mz. B Lt. 12, San Vicente De Cañete - Cañete - Lima"
  },
  {
    "Agencia": "Ica / Chincha / Chincha Alta / Prolong Luis Massaro",
    "Direccion": "Prolongacion Luis Massaro  N°247 -  Chincha Alta"
  },
  {
    "Agencia": "Junin / Huancayo / El Tambo / Av Mariscal Castilla Co Parque Industrial",
    "Direccion": "Av Mariscal Castilla 2769  Referencia : Frente Al Colegio Andres Bello"
  },
  {
    "Agencia": "Lambayeque / Chiclayo / La Victoria / Av Victor R. Haya Co",
    "Direccion": "Av. Víctor Raul Haya De La Torre 2470 La Victoria - Chiclayo  Referencia : Entre La Via Evitamiento Y Panamericana"
  },
  {
    "Agencia": "Huanuco / Huanuco / Huanuco / Jr Aguilar",
    "Direccion": "Jr. Aguilar N° 872 -  Huánuco"
  },
  {
    "Agencia": "Puno / San Roman / Juliaca / Juliaca San Santiago",
    "Direccion": "Jr. Mama Ocllo 915 - B ( Cruce Con Jr Azángaro )"
  },
  {
    "Agencia": "Puno / Puno / Puno / Av Costanera",
    "Direccion": "Av. Costanera N° 211 Con Jr. Los Incas - Puno"
  },
  {
    "Agencia": "Piura / Talara / Parinas / Talara  Co Asoc California",
    "Direccion": "Asociación California C - 03 Frente A Carretera Negritos, Talara - Pariñas, Referencia: Al Costado Del Restaurante Mi Torete"
  },
  {
    "Agencia": "Tumbes / Tumbes / Tumbes / Tumbes - Av Arica",
    "Direccion": "Av. Arica N° 227 - Tumbes."
  },
  {
    "Agencia": "Lima / Lima / La Victoria / Jr. Raymondi",
    "Direccion": "Jr. Antonio Raymondi Nro. 113"
  },
  {
    "Agencia": "Lima / Lima / Villa Maria Del Triunfo / Las Conchitas",
    "Direccion": "Av. Pachacutec 6779, Mz. N, Lt. 20, Villa Maria Del Triunfo - Referencia: A Una Cdra. Del Grifo Repsol Las Conchitas"
  },
  {
    "Agencia": "Amazonas / Utcubamba / Bagua Grande / Bagua Grande",
    "Direccion": "Av. Chachapoyas 1094 Sector Gonchillo, Ref. A 2 Cuadras De La Clínica Señor De Los Milagros"
  },
  {
    "Agencia": "Amazonas / Bongara / Jazan / Pedro Ruiz",
    "Direccion": "Av. Sacsahuaman N° 513 - Pedro Ruiz, Ref. A Media Cuadra De La Ugel"
  },
  {
    "Agencia": "Cajamarca / Chota / Chota / Chota",
    "Direccion": "Av. Fray José Arana N 805 - Referencia : Frente Al Terminal Angel Divino"
  },
  {
    "Agencia": "Ucayali / Coronel Portillo / Pucallpa Calleria / Calleria Jr Jose Galvez",
    "Direccion": "Jr. Jose Galvez 147 Calleria - Coronel Portillo - Ucayali.  Referencia :  A Media Cuadra De La Av. Centenario"
  },
  {
    "Agencia": "Huanuco / Leoncio Prado / Rupa Rupa / Tingo Maria Co Buenos Aires",
    "Direccion": "Calle Rosario Central, Referencia: Segunda Entrada De Buenos Aires, En La Misma Esquina"
  },
  {
    "Agencia": "Lima / Lima / Ate-Vitarte / Huaycan Entrada",
    "Direccion": "Carretera Central Km 17 Mz. E Lt. 1,  Ref. Entrada De Huaycan Al Costado Del Grifo Primax. Ex Grifo El Negro."
  },
  {
    "Agencia": "Lima / Lima / Santa Anita / Av Metropolitana",
    "Direccion": "Av. Huancaray Mz. A Lote 14 - Santa Anita  - Referencia : A 2 Cuadras De La Av. Recolectora."
  },
  {
    "Agencia": "Lima / Lima / Pachacamac / La Curva De Manchay",
    "Direccion": "Av. Prolongación De La Av. La Molina Mz. E Lote 21. Ah Paul Poblet Lind, Pachacamac - Lima, Ref. A Media Cdra. De Mi Banco"
  },
  {
    "Agencia": "Lima / Lima / Villa El Salvador / Av. Cesar Vallejo",
    "Direccion": "Av. Cesar Vallejo, Mz. F Lt. 1 - Sect. 2, Referencia: Frente A Essalud, Al Costado Del Mercado Villa Sur"
  },
  {
    "Agencia": "Lima / Lima / Brena / Av Venezuela",
    "Direccion": "Av. Venezuela 1670 - Breña, Referencia: Al Costado Del Policlínico De Breña"
  },
  {
    "Agencia": "Lima / Huaral / Huaral / Huaral",
    "Direccion": "Av. Jorge Chavez 647, Referencia: Entre La Av. Grau Y Bolognesi (Cerca Al Paradero Moto Naturales)"
  },
  {
    "Agencia": "Cajamarca / Cutervo / Cutervo / Cutervo",
    "Direccion": "Av. Salomón Vilchez Murga  S/N. Cdra 9  Referencia : Frente A La Clínica Cutervo"
  },
  {
    "Agencia": "Ica / Nazca / Nazca / Av Circunvalacion Nazca",
    "Direccion": "En La Esquina De La Av. Circunvalación Con Calle S/N, Hoy Calle Las Mercedes S/N Nasca - Referencia: Al Lado De La Iep Jean Piaget"
  },
  {
    "Agencia": "Ica / Nazca / Marcona / San Juan De Marcona",
    "Direccion": "Aa.Hh. San Martín De Porres E-4 San Juan De Marcona - Nazca - Ica, Ref. Cruce De Av. Las Orquídeas Con Av. San Martin De Porras A Dos Puertas Del Hotel San Martin"
  },
  {
    "Agencia": "Pasco / Pasco / Huayllay / Huayllay",
    "Direccion": "Calle Lima S/N Barrio Arenales  Huayllay  Pasco   - Referencia: Al Costado Del Colegio Cesar Vallejo"
  },
  {
    "Agencia": "Tumbes / Zarumilla / Aguas Verdes / Aguas Verdes",
    "Direccion": "Av Tumbes S/N Lote 09 Mz 17 , A.H Tomas Arizola Olaya , Sector Ii - Referencia : A Una Cuadra Del Parque Tomas Arizola."
  },
  {
    "Agencia": "Huanuco / Ambo / Ambo / Ambo",
    "Direccion": "Av. Las Americas 501, Ref. Al Frente Del Colegio Juan José Crespo Y Castillo"
  },
  {
    "Agencia": "Junin / Tarma / Tarma / Tarma",
    "Direccion": "Jr. Amazonas Nro. 1164 Tarma - Junín, Ref. Entre Jr. Amazonas Con Av. Vienrich"
  },
  {
    "Agencia": "Lima / Lima / Lurigancho / Chosica",
    "Direccion": "El Sol 124 (Parque Echenique) Lurigancho - Chosica"
  },
  {
    "Agencia": "Lima / Cañete / Chilca / Chilca",
    "Direccion": "Av Nicolás De Pierola 462, Una Cuadra Antes De La Municipalidad"
  },
  {
    "Agencia": "Lima / Lima / Los Olivos / Pro",
    "Direccion": "Av. Los Próceres Mz. Pp2 Lt.21, Urb. Puertas De Pro - Los Olivos"
  },
  {
    "Agencia": "Lima / Lima / Rimac / Rimac Av. Amancaes",
    "Direccion": "Av. Amancaes Nro. 644 Urb. Ciudad Y Campo - Rimac"
  },
  {
    "Agencia": "Lima / Lima / San Borja / Av. Javier Prado",
    "Direccion": "Av. Javier Prado Este N? 1810 - Est. 05 Mz. A - 1 Lt. 04"
  },
  {
    "Agencia": "Lima / Lima / Jesus Maria / Av. San Felipe",
    "Direccion": "Av. San Felipe 1195 - Jesús María"
  },
  {
    "Agencia": "Lima / Lima / Villa Maria Del Triunfo / Pesquero",
    "Direccion": "Av. Pachacutec N° 3548, Referencia: Frente A Real Plaza, A 1 Cdra. De Mayorsa"
  },
  {
    "Agencia": "Lima / Lima / Magdalena Del Mar / Magdalena Del Mar",
    "Direccion": "Jr. Ayacucho N° 756, Referencia: A Una Cdra. Del Mercado Modelo De Magdalesy A 3 Cdras. De La Iglesia Cúpula De Sucre"
  },
  {
    "Agencia": "Lima / Lima / Miraflores / Av. Jose Pardo",
    "Direccion": "Av. Jose Pardo N?533"
  },
  {
    "Agencia": "Lima / Lima / Santiago De Surco / Av. Primavera 120",
    "Direccion": "Av. Primavera Nº 120 Tda. A-21 – Urb. Tambo De Monterrico"
  },
  {
    "Agencia": "Lima / Lima / San Martin De Porres / Smp-Av. Proceres",
    "Direccion": "Av. Próceres N° 588 Urb. Covicem, Ref. A 2 Cdras. De Tomás Valle"
  },
  {
    "Agencia": "Lima / Lima / Puente Piedra / Puente Piedra Naranjitos",
    "Direccion": "Fundo Tambo Inga Mz. A Lt. 8, Puente Piedra, Referencia: Paradero Naranjito,  Antes Del Cementerio Buen Retiro"
  },
  {
    "Agencia": "Lambayeque / Chiclayo / Tuman / Tuman",
    "Direccion": "Av. El Progreso N° 52 - Sector Santa Rosa, Referencia: Entre La Av. El Progreso Y 1° De Mayo, Frente A La Canchita De Grass Sintético"
  },
  {
    "Agencia": "Lima / Lima / Puente Piedra / Zapallal",
    "Direccion": "Av. Ancón 678, Ref. A La Espalda Del Precio Uno De Fundicion"
  },
  {
    "Agencia": "Piura / Piura / Piura / Av. Luis Eguiguren",
    "Direccion": "Av. Málaga Mz. A Lt.20 Int. 105 Piura, Ref. A Media Cuadra De Honda Del Peru S.A. En El Cruce De Av. Luis Eguiguren Con Sullana Norte"
  },
  {
    "Agencia": "Lima / Lima / Los Olivos / Av. Carlos Izaguirre Cdra. 5",
    "Direccion": "Av. Carlos Izaguirre 513, Ref. Al Costado De Tiendas Mass"
  },
  {
    "Agencia": "Lima / Lima / Ate-Vitarte / Puente Santa Anita",
    "Direccion": "Av. Nicolás Ayllón N° 3080  - Ate Vitarte"
  },
  {
    "Agencia": "Lima / Lima / Cercado Lima / Caja Distribucion Lima",
    "Direccion": ""
  },
  {
    "Agencia": "La Libertad / Trujillo / El Porvenir / Av Hermanos Angulo",
    "Direccion": "Av. Hermanos Angulo 628, Trujillo, Ref. A Espaldas De La Municipalidad El Porvenir"
  },
  {
    "Agencia": "Junin / Huancayo / Chilca / Chilca Huancayo",
    "Direccion": "Jr. 28 De Julio N° 935, Ref. Esquina 28 De Julio Y Santos Chocano"
  },
  {
    "Agencia": "Lima / Lima / Villa Maria Del Triunfo / Av. Lima - Vmt",
    "Direccion": "Av. Lima 2208 José Gálvez- Villa María  Del Triunfo, Referencia: A Dos Cdras. De La Curva José Gálvez"
  },
  {
    "Agencia": "Lima / Lima / Ate-Vitarte / Los Sauces",
    "Direccion": "Av. Santa Rosa N°773 Manzana “A” Lote 6 Urb Los Sauces - Ate - Referencia: Cruce Con La Av Separadora Industrial"
  },
  {
    "Agencia": "Lima / Lima / Cercado Lima / Malvinas - Jr. Ricardo Treneman",
    "Direccion": "Jr. Ricardo Treneman N° 920, Referencia: Dentro Del Local Farenet"
  },
  {
    "Agencia": "Piura / Piura / 26 De Octubre / Parque Industrial Co Piura Futura",
    "Direccion": "Urb. Parque Industrial Piura Futura Mz. G, Lt. 1A. 26 De Octubre - Piura, Referencia: Al Frente Del Grifo Petro Perú"
  },
  {
    "Agencia": "Cusco / Anta / Anta / Anta Izcuchaca",
    "Direccion": "Parque Del Carmen Lt. 1 Mz. B 2, Anta - Anta - Cusco, Ref. Paradero Carmen, Pista Principal Izcuchaca"
  },
  {
    "Agencia": "Lima / Lima / Miraflores / Calle Berlin",
    "Direccion": "Calle Berlín 219  - Miraflores"
  },
  {
    "Agencia": "San Martin / Mariscal Caceres / Juanjui / Juanjuí Fernando Belaunde Terry Co",
    "Direccion": "Carretera Fernando Terry Km. 1 S/N Referencia: Al Costado De Paradero De Autos Huallaga Express"
  },
  {
    "Agencia": "Lima / Lima / La Victoria / Av. Canada",
    "Direccion": "Av. Canadá 1603, Referencia: Entre Av. Canadá Con Av. Aviación"
  },
  {
    "Agencia": "Loreto / Alto Amazonas / Yurimaguas / Yurimaguas",
    "Direccion": "Calle Jorge Chávez N° 300, Referencia: Esquina Con Progreso, Al Costado De Enapu"
  },
  {
    "Agencia": "Junin / Yauli / La Oroya / La Oroya",
    "Direccion": "Av. Arévalo S/N (Carretera Central) - Anexo El Tambo - Santa Rosa De Sacco"
  },
  {
    "Agencia": "Lima / Lima / Independencia / Plaza Norte S. Express",
    "Direccion": "Av. Gerardo Unger Nro. 6917 Int. Lb 19"
  },
  {
    "Agencia": "Lima / Lima / San Juan De Miraflores / Maria Auxiliadora",
    "Direccion": "Av. Los Héroes 1140 - Sjm, Referencia: Una Cdra. Antes Del Hospital María Auxiliadora"
  },
  {
    "Agencia": "Lima / Lima / Los Olivos / Av Huandoy Con Marañón",
    "Direccion": "Av. Próceres, Mz. 3, Lt. 23 A.H. Laura Caller - Los Olivos, Referencia: Cruce Entre Av. Huandoy Y Marañón"
  },
  {
    "Agencia": "Lima / Lima / Los Olivos / Tres Postes",
    "Direccion": "Av. Alfredo Mendiola Lt. 22 Mz. C3 - Urb. Industrial Infantas, Referencia: A Cdra. Y Media Del Tottus De 3 Postes"
  },
  {
    "Agencia": "Huancavelica / Huancavelica / Huancavelica / Huancavelica",
    "Direccion": "Av. Universitaria 1003 - Huancavelica, Ref. A 1 Cdra. De La Escuela Santa Ana Y A 3 Cdras. Del Puente Del Ejército (Barrio Santa Ana)"
  },
  {
    "Agencia": "Cusco / Cusco / Wanchaq / Av Pachacutec",
    "Direccion": "Av. Pachacutec 429 - Wanchaq, Ref. A 100 Mtrs. De La Piscina Wanchaq"
  },
  {
    "Agencia": "Tacna / Tacna / Coronel Gregorio Albarracin Lanchipa / Villa San Francisco",
    "Direccion": "Asoc. Villa San Francisco Mz. 94 Lt. 22, Referencia: Cerca A Caja Cusco"
  },
  {
    "Agencia": "Lima / Lima / Santiago De Surco / Av. Primavera 1314",
    "Direccion": "Av. Primavera N° 1314, Urb. C.C. Monterrico - Surco, Referencia: Cruce Jr. El Polo"
  },
  {
    "Agencia": "Lima / Lima / San Borja / Aviacion 2999",
    "Direccion": "Av. Aviación 2999, Referencia: A 1 Cdra. De La Estación Del Tren San Borja Sur"
  },
  {
    "Agencia": "Lima / Lima / San Isidro / Riv. Navarrete",
    "Direccion": "Av. Rivera Navarrete 465, Referencia: Cruce De Javier Prado Con Rivera Navarrete"
  },
  {
    "Agencia": "Lima / Lima / San Isidro / Corpac",
    "Direccion": "Calle 21 785, Referencia: Al Costado Del Ministerio Del Interior"
  },
  {
    "Agencia": "Lima / Lima / Jesus Maria / Av. Arenales",
    "Direccion": "Av. Arenales 391, Referencia: A 2 Cdras. De Av. 28 De Julio A La Espalda De La Utp"
  },
  {
    "Agencia": "Lima / Lima / Surquillo / Av. Aramburu",
    "Direccion": "Av. Aramburú 808, Referencia: A 2 Cdras. De La Av. Panamá"
  },
  {
    "Agencia": "Madre De Dios / Tambopata / Tambopata / Tambopata Av La Joya Co",
    "Direccion": "Av. La Joya N° 122 - Pto. Maldonado, Referencia: Frente Al Óvalo De Los Otorongos"
  },
  {
    "Agencia": "Pasco / Oxapampa / Villa Rica / Villa Rica",
    "Direccion": "Av. Leopoldo Krausse N° 442 Villa Rica - Oxapampa - Pasco, Ref. Entre El Jr. Pozuzo Y Jr. Cooperativa, Al Costado De La Notaría Guerra Y A 20 Metros De La Plaza Principal"
  },
  {
    "Agencia": "Lima / Lima / San Isidro / Calle Las Begonias",
    "Direccion": "Calle Las Begonias 774 - San Isidro"
  },
  {
    "Agencia": "Lambayeque / Lambayeque / Tucume / Tucume",
    "Direccion": "Av. Federico Villarreal N° 982 (Ctra. Fernando Belaunde Terry), Referencia: A Media Cdra. Del Cementerio Jardines De La Paz"
  },
  {
    "Agencia": "Tacna / Tacna / Tacna / Av  Vigil",
    "Direccion": "Av. Vigil 1636, Referencia: A Una Cdra. De La Plaza Grau"
  },
  {
    "Agencia": "Arequipa / Camana / Camana / Camana",
    "Direccion": "Calle Agustín Gamarra N° 451, Cercado Camaná, Referencia: Al Frente Del Delivey Caseritos"
  },
  {
    "Agencia": "Junin / Huancayo / San Agustin / San Agustin De Cajas",
    "Direccion": "Carretera Central Km 7.5 S/N San Agustin – Huancayo – Junín, Ref. Frente A La Envasadora Solgas"
  },
  {
    "Agencia": "Madre De Dios / Tambopata / Inambari / Mazuko",
    "Direccion": "Av. Inambari Fraccion N° 07, Inambari - Tambopata - Madre De Dios, Ref. Al Frente Del Restaurante Carbon Rojo Mazuko"
  },
  {
    "Agencia": "Lima / Lima / Carabayllo / Av  Tupac Amaru Km. 19",
    "Direccion": "Mz. 1A - Lt. 8 Av. Tupac Amaru N° 10472, Carabayllo - Lima, Ref. Al Costado Del Colegio Ciro Alegría"
  },
  {
    "Agencia": "La Libertad / Trujillo / El Porvenir / Alto Trujillo",
    "Direccion": "Av. Prolongación 12 De Noviembre, Mz. Q, Lt. 25, Referencia: A Media Cdra. De La Comisaría Alto Trujillo"
  },
  {
    "Agencia": "Lima / Lima / San Martin De Porres / Av. Carlos Izaguirre Cuadra 23",
    "Direccion": "Av. Carlos Izaguirre Sub Lt. 8, Mz. C - Asoc. De Viv. Los Nisperos, Referencia: Entre Av. 12 De Octubre Y Av. Santa Rosa"
  },
  {
    "Agencia": "Moquegua / Ilo / Ilo / Ilo Puerto",
    "Direccion": "Jr. Callao Prolongación Mz. N, Lt. 19 - A, Referencia: A Media Cdra. De La Cooperativa Cuajone"
  },
  {
    "Agencia": "Ucayali / Coronel Portillo / Pucallpa Yarinacocha / Pucallpa Co Federico Basadre",
    "Direccion": "Carretera Federico Basadre Km 6.800 Yarinacocha - Coronel Portillo - Ucayali, Ref. Entrada Del Asentamiento Humano Alan Sisley/Al Costado De La Empresa Jvj Service Oriente Sac"
  },
  {
    "Agencia": "Ucayali / Coronel Portillo / Pucallpa Yarinacocha / Yarinacocha Centro",
    "Direccion": "Jr. Tupac Amaru, Mz. 50, Lt. 07, Referencia: A Espalda De Maestranza De Yarinacocha"
  },
  {
    "Agencia": "Junin / Chanchamayo / Perene / Perene",
    "Direccion": "Av. Marginal S/N Aa.Vv San Jacinto - Perene - Chanchamayo - Junin, Ref. Antes Del Ultimo Rompemuelle De San Jacinto"
  },
  {
    "Agencia": "Cajamarca / Celendin / Celendin / Celendin",
    "Direccion": "Jr. Pedro Ortiz Montoya 148, Referencia: Esquina Con Av. Amazonas"
  },
  {
    "Agencia": "San Martin / San Martin / La Banda De Shilcayo / Tarapoto La Banda De Shilcayo",
    "Direccion": "Jr. Perú N°186, Referencia: A 2 Cdrs. De La Plaza De La Banda De Shilcayo"
  },
  {
    "Agencia": "San Martin / San Martin / Morales / Tarapoto Jr. Sargento Lorez",
    "Direccion": "Jr. Sargento Lorez N° 264, Morales - San Martin, Ref. A Una Cdra. Y Media De La Plaza De Morales, Frente A Vulcano Gas"
  },
  {
    "Agencia": "San Martin / San Martin / Tarapoto / Jr Leoncio Prado",
    "Direccion": "Jr. Leoncio Prado N° 1175, Referencia: A Una Cuadra Del Instituto María Parado De Bellido"
  },
  {
    "Agencia": "Lima / Lima / Chorrillos / Las Delicias De Villa",
    "Direccion": "Av. 12 De Octubre Mz. A - 03, Lt. 02, Urb. Aria - Las Delicias De Villa, Ref. A Dos Cuadras De La Av. Defensores Del Morro (Ex Av. Huaylas)"
  },
  {
    "Agencia": "Ancash / Carhuaz / Carhuaz / Carhuaz",
    "Direccion": "Carretera Central 00S/N Cent Carhuaz - Carhuaz - Áncash, Ref. Media Cuadra Antes De Llegar Al Estadio Municipal Capitan Carlos Mejia"
  },
  {
    "Agencia": "Huanuco / Leoncio Prado / Rupa Rupa / Tingo María - Amazonas",
    "Direccion": "Av. Amazonas Nro 778 - Leoncio Prado, Ref. A 1 Cuadra Del Reniec"
  },
  {
    "Agencia": "Amazonas / Chachapoyas / Chachapoyas / Chachapoyas Jr Grau",
    "Direccion": "Jr. Grau 270, Ref. Junto A La Agencia De Viajes Monteverde"
  },
  {
    "Agencia": "San Martin / Picota / Picota / Picota",
    "Direccion": "Av. Fernando Belaunde Terry Lote 2B Picota - Picota - San Martin. Ref, A Una Cdra. De La Comisaria De Picota Salida A Bellavista"
  },
  {
    "Agencia": "San Martin / Bellavista / Bellavista / San Martin Bellavista",
    "Direccion": "Av. Lima S/N Cdra. 8 - Bellavista, Ref. Al Costado De La Polleria La Cabaña O Al Poder Judicial"
  },
  {
    "Agencia": "Loreto / Maynas / Iquitos / Puerto Iquitos",
    "Direccion": ""
  },
  {
    "Agencia": "Lima / Lima / Lurigancho / Huachipa Co",
    "Direccion": "Huachipa Este - Manzana A18 Lote 1, 2, 3 Calle B, Calle 08, Calle A, Ref. Al Costado De Industrias Eléctricas Kba"
  },
  {
    "Agencia": "Moquegua / Mariscal Nieto / Moquegua / Calle Lima",
    "Direccion": "Calle Lima 190 - Mariscal Nieto - Moquegua, Ref. A Dos Cuadras Del Parque Los Héroes/Alameda"
  },
  {
    "Agencia": "Puno / El Collao / Ilave / Ilave",
    "Direccion": "Jr. Bolognesi Nro. 866 Barrio Cruzani, El Collao - Puno, Ref. A Una Cuadra Del Coliseo Y Del Cementerio De Ilave"
  },
  {
    "Agencia": "Lima / Lima / Santa Rosa / Santa Rosa",
    "Direccion": "Mz. L 23 Urb. Coovitiomar, Ancon - Santa Rosa - Lima, Ref. Cruce De Ingreso A Santa Rosa Y/O Al Costado De Imagen De Santa Rosa"
  },
  {
    "Agencia": "Piura / Ayabaca / Ayabaca / Ayabaca",
    "Direccion": "Calle Bolognesi N° 136, Ref. A 2 Cuadras De La Plaza De Armas De Ayabaca"
  },
  {
    "Agencia": "Cajamarca / Cajabamba / Cajabamba / Cajabamba",
    "Direccion": "Jr. Caceres N° 211 Cajabamba – Cajamarca, Ref. Esquina Con Jose Leal"
  },
  {
    "Agencia": "Tumbes / Tumbes / Tumbes / Tumbes Puyango",
    "Direccion": "Urb. Andrés Araujo Morán Mz. 28-A Lote 03 Calle Jacinto Seminario, Ref. Al Costado Del Mercado Puyango"
  },
  {
    "Agencia": "Piura / Ayabaca / Paimas / Paimas",
    "Direccion": "Av. Sullana S/N, Ref. Frente Al Complejo Educativo Juan Velasco Alvarado"
  },
  {
    "Agencia": "Lima / Lima / Ate-Vitarte / Santa Clara",
    "Direccion": "Av. Pedro Ruíz Gallo Mz. H Lt. 3. Asoc. Viv. Villa San Luis, Santa Clara - Ate Vitarte - Limaref: Entre El Real Plaza Y La Utp Santa Clara"
  },
  {
    "Agencia": "Lima / Lima / Villa El Salvador / Óvalo Mariátegui",
    "Direccion": "Av. Pastor Sevilla Sect. 6 - Gp 7 - Mz. A - Lote 05  - V.E.S., Ref. A 2 Cuadras Del Óvalo Mariátegui Con 3 De Octubre"
  },
  {
    "Agencia": "Lima / Lima / Villa El Salvador / 01 De Mayo",
    "Direccion": "Av. 01De Mayo 1 Sect Gp 23 - A Mz N Lote 13 - V.E.S., Ref. Av. Pastor Sevilla Con Av. 1 De Mayo A 2 Cuadras Del Hospital De La Solidaridad Por La Ruta C"
  },
  {
    "Agencia": "Lima / Lima / San Juan De Miraflores / Av. Canevaro",
    "Direccion": "Av. Canevaro 336 - A, Ref. A 2 Cuadras De La Av. Vargas Machuga  Y A Una Cuadra De La Fiscalía Provincial Penal De S.J.M."
  },
  {
    "Agencia": "Lima / Lima / Villa Maria Del Triunfo / Av. Villa Maria",
    "Direccion": "Av Villa Maria  Mz. G12 Lt. 9 - B Ps 1 Sect. Villa Maria Del Triunfo, Ref. Av. Villa Maria  A 2 Cuadras De La Municipalidad De Vmt Y Al Costado De Essalud"
  },
  {
    "Agencia": "Lima / Lima / Carabayllo / Av. Tupac Amaru Km. 23.5",
    "Direccion": "Av. Túpac Amaru Km. 23.5 - Carabayllo, Ref. Frente A La Iglesia De Mormones - A Una Cdra. Del Último Paradero Del Rápido"
  },
  {
    "Agencia": "Lima / Lima / San Martin De Porres / Germán Aguirre",
    "Direccion": "Av. German Aguirre Ugarte 649 Urb. San German - San Martin De Porres, Ref. A La Altura De La Cuadra 6 De La Av. German Aguirre Y A 3 Cuadras De Av. Tomas Valle"
  },
  {
    "Agencia": "Lima / Lima / Ate-Vitarte / Av  Esperanza",
    "Direccion": "Av. Esperanza Mz. R Lt. 7 Las Américas - Ate Vitarte, Ref. Frente A La Pastelería Dominick"
  },
  {
    "Agencia": "Piura / Piura / Las Lomas / Las Lomas",
    "Direccion": "Jr. Miguel Grau Mz. H Lt. 7, Las Lomas - Piura, Ref. Al Costado De Caja Huancayo Y Al Costado De Comisaria Las Lomas"
  },
  {
    "Agencia": "Lima / Huaura / Huaura / Huaura",
    "Direccion": "Av. Las Malvinas Mz. C Lote 16 Urb. El Rosario Sur Huaura, Ref. A Espaldas De La Plaza De Armas, A 1 Cdra. De La Calle Los Alamos"
  },
  {
    "Agencia": "Ucayali / Padre Abad / Aguaytia / Aguaytía",
    "Direccion": "U. Vecinal Barrio Unido Mz. 1 Lt. 2, Padre Abad - Ucayali, Ref. Al Costado Del Terminal Terrestre De Aguaytia"
  },
  {
    "Agencia": "Puno / San Roman / Juliaca / Av. Huancane Cdra. 9",
    "Direccion": "Jr. Sillustani N° 202, San Roman - Juliaca, Ref. A 3 Cdras. Del Hospital Carlos Monge Medrano"
  },
  {
    "Agencia": "Puno / San Roman / Juliaca / Las Mercedes",
    "Direccion": "Jr. Porvenir N° 228 Urb. Las Mercedes, San Roman - Puno, Ref. A Una Cdra. De La Av. Circunvalacion Oeste - A Una Cdra. Del Terminal Las Mercedes"
  },
  {
    "Agencia": "Tumbes / Tumbes / Tumbes / Tumbes Co - Panamericana Norte Km 2360",
    "Direccion": "Av. Panamericana Norte S/N Villa Primavera - Tumbes. Ref. Pasando Senati Frente A Agripac"
  },
  {
    "Agencia": "Junin / Huancayo / Huancayo / Terminal Los Andes",
    "Direccion": "Av. Ferrocarril S/N - Huancayo - Counter N° 14, Ref. Terminal Terrestre Los Andes, Frente Al Open Plaza"
  },
  {
    "Agencia": "Ica / Ica / Santiago / Ica Santiago",
    "Direccion": "Centro Poblado Santiago Mz. E, Lt. 01 Sector Ii Santiago - Ica - Ica, Ref. Frente A La Comisaria De Santiago"
  },
  {
    "Agencia": "Huanuco / Leoncio Prado / Jose Crespo Y Castil / Aucayacu",
    "Direccion": "Jr. Chiclayo 247 0C-02 Cent Aucayu, Leoncio Prado, Huánuco, Ref. Atrás Del Estadio Municipal"
  },
  {
    "Agencia": "San Martin / Rioja / Pardo Miguel / Pardo Miguel Naranjos",
    "Direccion": "Jr. Miguel Grau 101 Mz. 34 Lt. 6, Pardo Miguel - Rioja - San Martin, Ref. Av. Marginal Cdra 5"
  },
  {
    "Agencia": "La Libertad / Trujillo / Trujillo / Atahualpa",
    "Direccion": "Calle Atahualpa 481 – Trujillo – La Libertad, Ref. A 1/2 Cdra De La Av Los Incas"
  },
  {
    "Agencia": "Piura / Huancabamba / Huancabamba / Huancabamba",
    "Direccion": "Av. Ramon Castilla 0351 Huancabamba - Piura, Ref. A 1 Cuadra De La Capilla Ramon Castilla"
  },
  {
    "Agencia": "La Libertad / Pacasmayo / Guadalupe / Ciudad De Dios",
    "Direccion": "Mz. A Lt. 01 Cpm Ciudad De Dios - Sec. Los Ángeles – Guadalupe – La Libertad, Ref. Al Costado Del Molino Samán Y A Dos Cuadras Del Cruce A Cajamarca"
  },
  {
    "Agencia": "San Martin / Tocache / Tocache / Av Fernando Belaunde",
    "Direccion": "Av. Fernando Belaunde C-09 Mz H6 (21), Lt. 04, Cercado De Tocache, Ref. Frente Al Mercadillo De Tocache"
  },
  {
    "Agencia": "Lima / Lima / Surquillo / Av. Principal",
    "Direccion": "Lt. 12 Mz. G, Av. Principal 995 (Ex Av. Uno) Urb. Los Sauces 2Da Etapa, Surquillo, Ref. Cruce Con A. Manuel Villarán"
  },
  {
    "Agencia": "Lima / Lima / Miraflores / Av. Alfredo Benavides",
    "Direccion": "Av. Alfredo Benavides 1851 - Miraflores, Ref. Al Costado Del Bembos Aurora Benavides"
  },
  {
    "Agencia": "Lima / Lima / Miraflores / Av. Comandante Espinar",
    "Direccion": "Av. Comandante Espinar 330-Miraflores, Ref. Entre El Cruce De Calle Enrique Palacios Y La Av. Comandante Espinar"
  },
  {
    "Agencia": "Lima / Lima / San Isidro / Calle Miguel Dasso",
    "Direccion": "Calle Miguel Dasso 126 - San Isidro, Ref. En El Cruce De Calle Leonidas Yerovi Y Calle Miguel Dasso"
  },
  {
    "Agencia": "Lima / Lima / Santiago De Surco / Av. Tomás Marsano",
    "Direccion": "Av. Tomás Marsano 3767 - Santiago De Surco, Ref. A Media Cuadra De La Estación De Tren Ayacucho"
  },
  {
    "Agencia": "Ayacucho / Huamanga / Jesus Nazareno / Ayacucho Jesús Nazareno",
    "Direccion": "Jr. José María Eguren 451 - Jesus Nazareno - Huamanga - Ayacucho, Ref. Cruce Con Jr. Mariano Melgar"
  },
  {
    "Agencia": "Lima / Huaura / Huacho / Huacho Av  Indacochea",
    "Direccion": "Av. Mercedes Indacochea 1276 Huacho - Huaura - Lima, Ref. Intersección Con Pedro Ruiz Gallo, A 2 Cdras. De La Universidad Nacional José Faustino Sánchez Carrión"
  },
  {
    "Agencia": "Tacna / Tacna / Ciudad Nueva / Tacna Ciudad Nueva",
    "Direccion": "Ciudad Nueva Mz 46 Lt 12 Comité 10 Ciudad Nueva - Tacna, Ref. A Una Cdra. De La Plaza José Olaya De Ciudad Nueva"
  },
  {
    "Agencia": "Cusco / Calca / Calca / Cusco Calca",
    "Direccion": "Av. Vilcanota Mz. A Lt 4 Calca - Cusco, Ref. Frente Al Grifo Petro Perú O El Óvalo Puma - Entrada De Calca"
  },
  {
    "Agencia": "Lima / Lima / Cercado Lima / Lima Av Tingo María",
    "Direccion": "Av. Tingo María N°1252-A - Cercado De Lima - Lima, Ref. A Media Cdra. Del Cruce Con Jr. Gral. Orbegoso"
  },
  {
    "Agencia": "Lima / Lima / Chorillos / Megaplaza Chorrillos",
    "Direccion": "Av. Alameda Sur 5, Chorrillos 15067, Ref. Cruce De Av. Alameda Sur Conav. Alameda San Marcos"
  },
  {
    "Agencia": "Lima / Lima / Rimac / Rimac Guardia Republicana Cdra. 9",
    "Direccion": "Sección Inmobiliaria N°2 – Primer Piso Lt. 11 De La Mz. 2, Urb. Villacampa Rimac, Ref. A Una Cdra. Del Cruce Con Av. Felipe Arancibia"
  },
  {
    "Agencia": "Ica / Chincha / Pueblo Nuevo / Chincha Pueblo Nuevo",
    "Direccion": "Aa. Hh. Los Alamos, Calle Los Laureles Mz. 17 Lt. 11- A, Ref. A 2 Cdras. De La Posta Los Álamos"
  },
  {
    "Agencia": "Lima / Lima / San Juan De Lurigancho / Campoy",
    "Direccion": "Av. Malecón Checa Mz. B Lt. 7, Urb. Campoy, San Juan De Lurigancho, Ref. A 1 Cdra. Del Cruce De Av. Malecón Checa Con Av. San Martín"
  },
  {
    "Agencia": "Junin / Satipo / Mazamari / Mazamari",
    "Direccion": "Jr. Jorge Chavez Nro 144 Lt. 8A Junín - Satipo– Mazamari, Ref. Cerca A La Vía Principal, Al Costado Del Hospedaje Luján 1Er Piso"
  },
  {
    "Agencia": "Lima / Lima / San Martin De Porres / Av. Dominicos Cdra 14",
    "Direccion": "Av. Los Dominicos 1460 - Urb. Los Cipreses Mz. Z Lt. 4 - San Martín De Porres, Ref. A Una Cdra. Del Cruce Con Av. Santa Rosa Al Lado Del Mercado Los Cipreses"
  },
  {
    "Agencia": "Junin / Satipo / Pangoa / Pangoa",
    "Direccion": "Av. Marginal S/N Número Villa Chavini Pangoa - Satipo - Junín, Ref. Al Costado De La Tienda Honda Inversiones Arauco San Martín De Pangoa"
  },
  {
    "Agencia": "Amazonas / Luya / Luya / Luya",
    "Direccion": "Jr. Ramón Castilla S/N, Luya - Amazonas, Ref. Entre El Colegio Secundario Ramón Castilla Y El Jr. José Gálvez, A Media Cdra. Del Agente De Venta De Pasajes De Siva, Móvil Y Transporte Chiclayo"
  },
  {
    "Agencia": "Piura / Sullana / Ignacio Escudero / Ignacio Escudero",
    "Direccion": "Av. Panamericana Calle 26 Lote 3, Ignacio Escudero - Sullana - Piura, Ref. Frente A La Institución Educativa Ignacio Escudero"
  },
  {
    "Agencia": "Huanuco / Huanuco / Amarilis / Amarilis Co",
    "Direccion": "Jr. Los Pinos Lote 3 -D2 Urb Los Pinos - Amarilis - Huánuco, Ref. A La Espalda De Toyota Huánuco"
  },
  {
    "Agencia": "Ica / Pisco / Pisco / La Villa  Cruce Pisco",
    "Direccion": "C. P. Oblacion Villa Los Angeles Mz.A Lt 13 B La Villa Pisco-Pisco-Ica, Ref. A 100 Metros Con Dirección Al Sur Dedl Cruce Panamericana Antigua C/N Av. Fermín Tangüis"
  },
  {
    "Agencia": "Lima / Lima / Ate-Vitarte / Av El Sol",
    "Direccion": "Av. El Sol Mz. S Lt. 2 Zona 03 - Asoc. Parque Industrial El Asesor, Sector 010 Zona 03 - Ate, Ref. A Una Cuadra Y Media De La Carretera Central"
  },
  {
    "Agencia": "Lambayeque / Chiclayo / Pimentel / Pimentel",
    "Direccion": "Calle Miguel Grau Mz B Lote 3 - Pimentel - Chiclayo - Lambayeque, Ref. Al Costado De La Comisaria De Pimentel"
  },
  {
    "Agencia": "Arequipa / Arequipa / La Joya / El Cruce La Joya",
    "Direccion": "Lateral 12 C Lt. 32, El Cruce La Joya - Arequipa, Ref. Al Costado Del Grifo Primax De La Joya"
  },
  {
    "Agencia": "Lambayeque / Lambayeque / Morrope / Morrope",
    "Direccion": "Calle Tahuantinsuyo N° 821, Morrope - Lambayeque, Ref. Frente Al Parque Infantil De Morrope"
  },
  {
    "Agencia": "Ica / Pisco / San Clemente / San Clemente",
    "Direccion": "Av. Los Libertadores Grupo Número 1 Mz,91 Lote 7ª San Clemente - Pisco - Ica, Ref. Libertadores Sexta Cuadra,Frente Del Grifo Santa Rosa"
  },
  {
    "Agencia": "Loreto / Maynas / Iquitos San Juan Bautista / Av Participacion Parcela",
    "Direccion": "Av. Participación Parcela 9-A San Juan Bautista - Maynas - Loreto, Ref. Frente Al Lavadero Osito Y A Media Cdra. Del Parque 1 De Enero"
  },
  {
    "Agencia": "Callao / Callao / La Perla / Ovalo La Perla",
    "Direccion": "Av. La Marina 530, Urb. Benjamin Doigg Lossio, La Perla, Callao, Ref. A 3 Cuadras Del Óvalo De La Perla"
  }
]
